{"cameraMode":{"drawMode":0,"name":"Shaded","section":"Shading Mode"},"sceneLighting":false,"audioPlay":false,"sceneViewState":{"showFog":true,"showMaterialUpdate":false,"showSkybox":true,"showFlares":true,"showImageEffects":true,"showParticleSystems":true},"in2DMode":false,"pivot":{"x":0.0,"y":-0.9600000381469727,"z":-0.7300000190734863},"rotation":{"x":-0.023239362984895707,"y":-0.11727593839168549,"z":0.002744182711467147,"w":-0.9928236603736877},"size":2.8578836917877199,"orthographic":false}