{"cameraMode":{"drawMode":0,"name":"Shaded","section":"Shading Mode"},"sceneLighting":true,"audioPlay":false,"sceneViewState":{"showFog":true,"showMaterialUpdate":false,"showSkybox":true,"showFlares":true,"showImageEffects":true,"showParticleSystems":true},"in2DMode":false,"pivot":{"x":105.53672790527344,"y":240.16400146484376,"z":4.364506721496582},"rotation":{"x":-0.3854442834854126,"y":0.47411489486694338,"z":-0.24251268804073335,"w":-0.7535486221313477},"size":348.2733459472656,"orthographic":false}